PRIMER NOMBRE;SEGUNDO NOMBRE;APELLIDO PATERNO;APELLIDO MATERNO;CEDULA/PASAPORTE;SUCURSAL
Andrea;Anna;Foster;Gray;1004002000;
Michael;Ashley;Shaw;Gardner;1002003000;
Gloria;Gerald;Wright;Willis;1002003000;
Gregory;Norma;Nguyen;Evans;1004002000;
Albert;;Ortiz;Jackson;1002003000;
Theresa;Patricia;Foster;Palmer;1002003000;
Russell;Barbara;Bowman;Riley;1002003000;
John;Sean;Hunt;Martinez;1002003000;
Lisa;Mary;Perkins;Torres;1004002000;
Annie;Harry;Murphy;Alvarez;1002003000;
Wanda;Jeffrey;Barnes;Warren;1004002000;
Doris;Louis;Hayes;Freeman;1002003000;
Jeffrey;Adam;Webb;Hamilton;1002003000;
Timothy;Linda;Ramos;Gonzales;1002003000;
Kathy;Judy;Cunningham;Ross;1004002000;
Julie;Jane;White;Marshall;1002003000;
Scott;Earl;James;Gardner;1004002000;
Justin;Phillip;Gibson;Bennett;1002003000;
Tina;Anne;Riley;Castillo;1002003000;
Ronald;Ruby;Wallace;Oliver;1004002000;
Betty;Carolyn;Butler;Barnes;1002003000;
Jessica;;Johnston;Berry;1004002000;
Jerry;Nicholas;Mitchell;Wagner;1002003000;
Lori;Keith;Palmer;Fisher;1004002000;
Lisa;Andrew;Walker;Oliver;1004002000;
Russell;Ruth;Gutierrez;;1002003000;
Steve;Juan;Fernandez;Hansen;1004002000;
Paul;Deborah;Moore;Butler;1004002000;
Cheryl;Kevin;Cox;Jenkins;1002003000;
Kelly;;Moore;Simmons;1002003000;
Edward;Juan;Nguyen;Murphy;1004002000;
Angela;Joe;Day;Jacobs;1002003000;
Debra;Nicole;Gomez;Gardner;1004002000;
Larry;Linda;Franklin;Lewis;1004002000;
Tina;Jacqueline;Welch;Gutierrez;1004002000;
Nicholas;Sandra;Clark;Murphy;1002003000;
Sara;Cheryl;James;Hunter;1004002000;
Lawrence;Victor;Vasquez;Carroll;1002003000;
Linda;Stephanie;Ferguson;Clark;1004002000;
Jimmy;Joan;Romero;Rivera;1004002000;
Samuel;Phyllis;Lynch;Warren;1002003000;
Kimberly;Patrick;Campbell;Marshall;1002003000;
Julia;Phillip;Tucker;Meyer;1002003000;
Charles;Thomas;Knight;Scott;1002003000;
Nicole;Donald;Pierce;;1004002000;
Diana;Kenneth;Hawkins;Dean;1004002000;
Jennifer;Phillip;Mcdonald;Wells;1004002000;
Arthur;Heather;Wood;;1002003000;
Jane;Louis;Cunningham;Wallace;1002003000;
Jean;;Ramirez;Mendoza;1002003000;
Andrew;Justin;Long;Miller;1004002000;
Marie;Tammy;Rodriguez;Bradley;1004002000;
Phillip;Philip;Meyer;Morris;1002003000;
Adam;John;Ortiz;Long;1002003000;
Catherine;Kelly;Butler;Howell;1002003000;
Kenneth;Robin;Morris;Franklin;1002003000;
Ashley;Betty;Jenkins;Johnston;1004002000;
Gary;Beverly;Black;Powell;1002003000;
Daniel;Brian;Lewis;Morris;1004002000;
David;Larry;Pierce;George;1002003000;
Dennis;Michelle;Wagner;Hunt;1004002000;
Kathryn;Heather;Jordan;Vasquez;1004002000;
Kathryn;Eugene;Fox;Gomez;1004002000;
Peter;Anne;Berry;Gomez;1002003000;
Kathy;Scott;Rogers;Morris;1004002000;
Brenda;Julia;Miller;Baker;1004002000;
Jane;Anthony;Willis;Murray;1004002000;
Jean;Norma;Bishop;Jenkins;1004002000;
Doris;Howard;Hudson;Ford;1002003000;
Robin;Jane;Hughes;Marshall;1004002000;
Rose;Betty;Morgan;Watson;1004002000;
Theresa;Julie;Cook;Long;1002003000;
Henry;Gregory;Allen;Lopez;1002003000;
Victor;William;Lopez;Cole;1002003000;
Gloria;Susan;Arnold;Fernandez;1002003000;
Ryan;Clarence;Wagner;White;1002003000;
Carol;Ruth;Hawkins;Ortiz;1002003000;
Louise;Wanda;Thomas;Dunn;1004002000;
Jacqueline;Heather;Stewart;Patterson;1004002000;
Philip;William;Rodriguez;Campbell;1002003000;
Samuel;Aaron;Hudson;;1002003000;
Raymond;Virginia;Lopez;Nelson;1004002000;
Samuel;Kenneth;Diaz;Owens;1004002000;
Patrick;Julia;Romero;Washington;1004002000;
Carlos;Alice;Williams;Perez;1004002000;
James;Rose;Rice;Price;1004002000;
Richard;Albert;Hudson;Owens;1002003000;
Eric;Diana;Martinez;Barnes;1002003000;
Kathy;Bonnie;Collins;Hayes;1002003000;
Ernest;Fred;Hawkins;Lawrence;1002003000;
Dennis;Peter;Peters;Stephens;1002003000;
Arthur;Jacqueline;Lawrence;Matthews;1002003000;
Alan;Jason;Gonzalez;Snyder;1004002000;
Justin;Jesse;Smith;White;1004002000;
Lawrence;Cynthia;Ward;Wood;1004002000;
Paul;Teresa;Nguyen;Stanley;1004002000;
Frank;Lisa;Young;Carroll;1002003000;
Betty;Timothy;Mccoy;Fernandez;1004002000;
Richard;Alan;Porter;Gardner;1002003000;
Robert;Edward;Jones;Carr;1004002000;
George;Lawrence;Nelson;Holmes;1004002000;
Joe;Jason;Hayes;Fuller;1004002000;
Justin;Paula;Reyes;Harrison;1002003000;
Emily;Roger;Scott;Gilbert;1002003000;
Harry;Lillian;Lane;Walker;1002003000;
Eugene;Harry;Griffin;Morris;1004002000;
Emily;Samuel;Lawrence;Mccoy;1002003000;
Anna;Lois;Gutierrez;Mason;1004002000;
Betty;;Boyd;Reed;1004002000;
Steven;Jessica;Fowler;Hunter;1004002000;
Diana;Diane;Jones;Cole;1004002000;
Carolyn;Harry;Banks;Griffin;1002003000;
Larry;Howard;Carr;Rose;1002003000;
Henry;Sean;Cunningham;Hunt;1002003000;
Phyllis;Julie;Watkins;Ward;1002003000;
Kathleen;Virginia;Rose;Ruiz;1004002000;
Marilyn;Johnny;Mendoza;Brown;1002003000;
Steve;Gary;Gibson;Coleman;1004002000;
Kenneth;Robin;Wagner;Ryan;1002003000;
Carolyn;Ruby;Marshall;Kelly;1004002000;
Barbara;Martin;Cooper;King;1002003000;
George;Victor;Matthews;Porter;1002003000;
Lori;Maria;Jenkins;Bennett;1002003000;
Benjamin;Lois;Duncan;Crawford;1002003000;
Jesse;Billy;Fields;Wilson;1002003000;
Susan;Lillian;Davis;Collins;1002003000;
Matthew;Lillian;Butler;Fox;1004002000;
Nicole;Albert;Scott;Thompson;1002003000;
Justin;Cynthia;Gonzalez;Olson;1002003000;
Joan;Joyce;Russell;Moore;1004002000;
Thomas;Aaron;Hawkins;;1002003000;
Ronald;Margaret;Daniels;Jones;1004002000;
Gary;Emily;Tucker;Lynch;1004002000;
Charles;Charles;Carter;Bailey;1002003000;
Edward;Pamela;Ryan;Burke;1002003000;
Denise;William;Nguyen;Harrison;1002003000;
Doris;Theresa;Fernandez;Watkins;1004002000;
Jesse;Beverly;Snyder;Ruiz;1002003000;
Edward;Helen;Freeman;Smith;1004002000;
Roy;Aaron;Kennedy;Fowler;1004002000;
Jerry;Lawrence;Dixon;Jacobs;1004002000;
Lois;Eugene;Powell;Little;1002003000;
Douglas;Marie;Garza;Garza;1004002000;
Ashley;Ann;Wood;Smith;1004002000;
Frank;Brian;Torres;Harper;1004002000;
Nicholas;Stephanie;Wilson;Morales;1002003000;
Denise;Jerry;Vasquez;Warren;1002003000;
Douglas;Jane;Ryan;Bell;1002003000;
Patricia;;West;Hughes;1002003000;
Scott;Sean;Matthews;Johnston;1004002000;
Joan;Angela;Wagner;Barnes;1004002000;
Jack;Sharon;Mills;Arnold;1002003000;
Anthony;Teresa;Nichols;Rivera;1002003000;
Carolyn;Ann;Cooper;Harper;1004002000;
Eric;Virginia;Harper;Warren;1004002000;
Samuel;Jacqueline;Gray;Harris;1002003000;
Katherine;Judy;Lawrence;Perkins;1004002000;
Thomas;Robin;Stanley;Clark;1002003000;
Wanda;Ruby;Davis;Fernandez;1002003000;
Jonathan;Lawrence;Scott;Duncan;1004002000;
Peter;Andrew;Bennett;Adams;1002003000;
Peter;Carlos;Stone;Burton;1002003000;
Andrew;Charles;Hanson;Nelson;1004002000;
Jeremy;Larry;Owens;Ellis;1002003000;
Katherine;Frank;Armstrong;Snyder;1002003000;
Irene;Amy;Butler;;1002003000;
Brenda;Steve;Lawrence;;1004002000;
Louise;Mark;Turner;Hansen;1004002000;
Thomas;Lois;Griffin;King;1004002000;
Daniel;Andrea;Morris;Kim;1002003000;
Teresa;Patrick;Armstrong;Hamilton;1004002000;
Rose;Joyce;Robertson;Kelley;1002003000;
Sara;Elizabeth;Mcdonald;Ramirez;1004002000;
Howard;Charles;Watson;Phillips;1002003000;
Jeremy;Nicole;Martin;Hamilton;1004002000;
Jeffrey;Teresa;Wright;Rodriguez;1002003000;
Martha;Nancy;Morales;Crawford;1004002000;
Janet;Ralph;Hayes;Welch;1002003000;
Joshua;Jessica;Bradley;Welch;1002003000;
Joseph;Judy;Gibson;Hughes;1004002000;
Heather;Antonio;Crawford;Marshall;1004002000;
Alice;Carolyn;Montgomery;Mason;1004002000;
Adam;Bobby;Daniels;Mccoy;1002003000;
Victor;Diana;Hart;James;1002003000;
Matthew;Nancy;Clark;Robertson;1004002000;
Joe;Antonio;Kim;George;1002003000;
Ralph;Matthew;Berry;Perry;1004002000;
Jason;Ruth;Walker;Willis;1002003000;
Susan;Gary;Reid;Morales;1002003000;
Jesse;Gary;Wagner;Dunn;1004002000;
Craig;Jose;Cook;Graham;1004002000;
Arthur;;Welch;Johnson;1002003000;
Craig;Virginia;Black;Bowman;1002003000;
Larry;Harry;Long;Mason;1002003000;
Ann;Steve;Kelly;Campbell;1002003000;
Alice;Rebecca;Morgan;Diaz;1004002000;
Arthur;Jessica;Allen;Ramirez;1002003000;
Jose;Gloria;Ramos;Holmes;1002003000;
Carl;Scott;Snyder;Harvey;1002003000;
Louise;Tina;Mccoy;Jenkins;1004002000;
Johnny;;Thompson;Rivera;1004002000;
Jeffrey;Benjamin;Anderson;Thompson;1004002000;
Tammy;Jennifer;Wells;Baker;1002003000;
Gloria;Daniel;Welch;Jackson;1002003000;
Steven;Keith;Mitchell;Green;1002003000;
Samuel;Susan;Woods;Schmidt;1004002000;
Joshua;Harold;Fisher;Bennett;1004002000;
Janice;Cheryl;Allen;Medina;1002003000;
Peter;Maria;Spencer;Ramos;1004002000;
Irene;Matthew;Fowler;George;1002003000;
Karen;Nicholas;Hunter;Ryan;1002003000;
Kathryn;Anne;Evans;Anderson;1004002000;
Julie;Alan;Hernandez;Coleman;1004002000;
Rebecca;David;Hansen;Wagner;1004002000;
Lisa;Ryan;Crawford;Lee;1004002000;
Dorothy;;Burke;Parker;1002003000;
Lori;Judy;Long;Campbell;1004002000;
Todd;Kevin;Stephens;Price;1004002000;
Brenda;Elizabeth;Richards;Hudson;1004002000;
Lawrence;Jennifer;Jones;Lawrence;1004002000;
Aaron;Laura;Stone;Warren;1002003000;
Donald;Wayne;Elliott;Long;1004002000;
Joe;Andrea;Cox;Baker;1002003000;
George;Judith;Rice;Thomas;1004002000;
Helen;Gerald;Moreno;Thomas;1004002000;
Joseph;Anthony;Kim;Mendoza;1004002000;
Elizabeth;Rose;Wood;Thomas;1004002000;
Benjamin;Jeremy;Porter;Diaz;1002003000;
Richard;Janice;Hughes;Carpenter;1004002000;
Jesse;Albert;Matthews;Butler;1002003000;
Steven;Timothy;Roberts;Moreno;1002003000;
Sharon;Peter;Ramirez;Patterson;1004002000;
Joe;Jacqueline;Allen;Hanson;1004002000;
Melissa;Steve;Gray;Bradley;1004002000;
Benjamin;Julia;Payne;Johnston;1004002000;
Frank;Carlos;Gutierrez;Evans;1002003000;
Gary;Margaret;Gordon;Kennedy;1002003000;
Lois;Carlos;Diaz;Richardson;1002003000;
Philip;Carlos;Hudson;Johnson;1004002000;
Frank;Gerald;Cruz;Hanson;1002003000;
Emily;Justin;Hanson;Allen;1004002000;
Steve;Billy;Edwards;Dunn;1002003000;
Joyce;;Hawkins;Murphy;1002003000;
Carlos;Sean;Bradley;Carter;1004002000;
Julie;Angela;Hawkins;Jones;1004002000;
Nicholas;Sandra;Garrett;Davis;1004002000;
Sharon;Gloria;Matthews;Mason;1004002000;
Paul;Antonio;Alvarez;Carroll;1002003000;
Barbara;Thomas;Ward;Mitchell;1004002000;
Doris;Paula;Watkins;Edwards;1004002000;
Norma;Larry;Hart;Owens;1004002000;
Martin;Linda;Rogers;;1002003000;
Judith;Judy;Wright;Scott;1002003000;
Alice;Willie;Lewis;Wagner;1004002000;
Peter;Anna;Morris;Pierce;1002003000;
Anne;Brandon;Pierce;James;1002003000;
Beverly;Albert;Schmidt;Reynolds;1002003000;
Doris;Patrick;Fox;Richardson;1002003000;
Joe;Ryan;Turner;Martin;1002003000;
Randy;Scott;Lawson;Johnston;1004002000;
Angela;Carol;Boyd;Parker;1004002000;
Nicole;Mary;Rivera;Warren;1002003000;
Christina;Roy;Reynolds;Mason;1004002000;
Rebecca;Jack;Crawford;Kennedy;1004002000;
Sarah;Donald;Ramirez;Montgomery;1002003000;
Ronald;Kimberly;Hill;Porter;1002003000;
Gary;Aaron;Austin;Robinson;1002003000;
Jesse;Jessica;Kelly;Rodriguez;1002003000;
Keith;Roger;Lane;Young;1004002000;
Jennifer;Diane;Adams;Garrett;1004002000;
Phillip;Jason;George;Wheeler;1004002000;
Theresa;Mary;Fuller;Gibson;1002003000;
Brian;Joe;Bailey;Ray;1004002000;
Charles;Carol;Williamson;Marshall;1004002000;
Timothy;Adam;Kelley;Butler;1002003000;
Steven;;Spencer;Moore;1002003000;
Nicholas;Wanda;Collins;Carter;1002003000;
Rebecca;Clarence;King;Daniels;1004002000;
Cynthia;Thomas;Bowman;Nichols;1004002000;
Daniel;Carolyn;Meyer;Mills;1002003000;
Tammy;Maria;Shaw;Alvarez;1004002000;
Ashley;Alan;Adams;Ray;1004002000;
Larry;Jesse;Morris;Ford;1002003000;
James;Thomas;Morris;Kim;1004002000;
Laura;Walter;Vasquez;Rivera;1004002000;
Russell;Jeremy;Hawkins;Andrews;1004002000;
Jason;Donna;Larson;Turner;1002003000;
Sandra;Juan;Wheeler;Walker;1004002000;
Heather;Eric;Ramirez;Webb;1004002000;
Joan;Christine;King;;1004002000;
Jerry;Louise;Garcia;Lawson;1004002000;
Kimberly;Carol;Mccoy;;1002003000;
Jennifer;Andrew;Ramirez;Taylor;1002003000;
Laura;Emily;Daniels;Arnold;1002003000;
Kimberly;Jeffrey;White;Warren;1004002000;
Doris;Scott;Morales;Young;1002003000;
Phyllis;Rebecca;Richardson;Walker;1002003000;
Teresa;Samuel;Lewis;Jones;1004002000;
Justin;Cheryl;Alvarez;Cooper;1002003000;
Jean;Mary;Simmons;Berry;1004002000;
Cynthia;Benjamin;Hunt;Alexander;1002003000;
Rose;Ryan;Vasquez;;1004002000;
Melissa;Susan;Tucker;Hanson;1004002000;
Phyllis;Tina;Hunter;Spencer;1002003000;
Gerald;Adam;George;Chavez;1002003000;
Gary;Joan;Russell;Burton;1004002000;
Gregory;Ronald;Henderson;Rice;1004002000;
Robert;Cynthia;Weaver;Armstrong;1004002000;
Brian;Steven;King;Ford;1004002000;
Joyce;Mark;Sullivan;Cooper;1004002000;
Kathy;Cynthia;Barnes;Williams;1002003000;
Anne;Christine;Spencer;Hayes;1002003000;
Evelyn;Louise;Wheeler;Larson;1004002000;
Kathleen;Ernest;Torres;Mills;1004002000;
Gary;Peter;Martinez;Ray;1004002000;
Peter;Helen;Griffin;Sims;1004002000;
Kathleen;Rose;Kim;Henderson;1004002000;
Emily;Robin;Cunningham;Powell;1004002000;
Michelle;Frances;Garza;Mendoza;1002003000;
Walter;Karen;Howard;Hall;1004002000;
Phillip;Patricia;Peterson;Stewart;1004002000;
Ralph;Raymond;Riley;Morris;1004002000;
Joseph;;Davis;Jenkins;1004002000;
Christopher;Ruby;Bishop;Miller;1004002000;
Kenneth;Diane;Garza;Lewis;1004002000;
Jason;Terry;Black;Russell;1002003000;
Bonnie;;Cook;;1002003000;
Denise;Victor;Howard;Cook;1004002000;
Roger;Melissa;Duncan;Anderson;1004002000;
Sean;Anna;Lawson;Fowler;1004002000;
Randy;Ashley;Myers;Hawkins;1004002000;
Jonathan;Tammy;Morgan;Price;1004002000;
Julie;Scott;Fuller;Martinez;1004002000;
Ryan;Thomas;Chavez;Thomas;1002003000;
Terry;Lawrence;Carr;Alexander;1002003000;
Wayne;Jeffrey;Scott;Henderson;1002003000;
Janet;Julia;Howard;;1002003000;
Nancy;Martin;Rice;Daniels;1002003000;
Joyce;Jean;Owens;Lawrence;1004002000;
Robin;William;Bell;Ryan;1004002000;
Alan;Dorothy;Henry;Kelly;1004002000;
Denise;Scott;Walker;Larson;1004002000;
Scott;Ruby;Fisher;Mason;1002003000;
Rachel;John;Howard;Morales;1002003000;
Fred;Angela;Stewart;Hawkins;1004002000;
Shawn;Willie;Lawrence;Riley;1004002000;
Nicole;Barbara;Ramos;Romero;1002003000;
Willie;Lori;Howard;Cruz;1002003000;
Ashley;Kathy;Austin;Boyd;1004002000;
Walter;Bruce;Ward;Frazier;1004002000;
Samuel;Cynthia;Lawson;Berry;1002003000;
Michael;Peter;Spencer;Carpenter;1002003000;
Angela;Andrea;Harrison;Perkins;1002003000;
Walter;Julie;Morgan;Jacobs;1004002000;
Jennifer;Ann;Armstrong;Smith;1002003000;
Anthony;Judy;Kelly;Bryant;1004002000;
Beverly;Aaron;Willis;Powell;1004002000;
Judy;Dorothy;Stone;;1004002000;
Samuel;Martin;Rice;Little;1002003000;
Maria;Willie;Shaw;Rice;1004002000;
Jacqueline;Samuel;Hall;Scott;1002003000;
Richard;Wanda;Long;Hanson;1004002000;
Thomas;Kelly;Cooper;Sims;1004002000;
Gerald;Chris;Hunter;Davis;1004002000;
Denise;John;Roberts;Walker;1002003000;
Jessica;Ralph;Jenkins;Bradley;1002003000;
Janice;Tammy;Fowler;Cox;1004002000;
Anna;Diane;Robinson;Harvey;1002003000;
Kathryn;Mildred;Vasquez;Price;1004002000;
Marie;Ronald;Collins;Mccoy;1004002000;
Joyce;Rachel;Martinez;Hicks;1004002000;
Ralph;Douglas;Nichols;Price;1004002000;
Marilyn;Andrea;Bradley;Sims;1004002000;
Maria;Julia;Wagner;Watson;1004002000;
Walter;Douglas;Howell;Snyder;1004002000;
Jennifer;Laura;Knight;Torres;1002003000;
Peter;Jeremy;Parker;Campbell;1002003000;
Albert;Frank;Kim;Hudson;1004002000;
Steve;Sarah;Rogers;;1002003000;
Nicole;Catherine;Mendoza;Ryan;1004002000;
Linda;Kelly;Burns;Griffin;1004002000;
Terry;Steve;Scott;Ruiz;1002003000;
Adam;Joseph;Burns;Medina;1004002000;
Sean;Elizabeth;Frazier;Hughes;1002003000;
Jimmy;Wayne;Hughes;Austin;1004002000;
Deborah;Ann;Hawkins;Morales;1004002000;
Judith;Justin;Lopez;Cruz;1004002000;
Shirley;Ruth;Young;Taylor;1004002000;
Michael;William;Kelley;Elliott;1004002000;
Martin;Harold;Harvey;Franklin;1002003000;
Wanda;Bobby;Clark;Perry;1004002000;
Jessica;Kathy;Lawrence;Morris;1002003000;
Anne;Jacqueline;Frazier;Marshall;1002003000;
Shirley;Robert;Wagner;Butler;1002003000;
Ruth;Willie;Gilbert;Scott;1004002000;
Donald;Christina;Lewis;Sullivan;1002003000;
Matthew;John;Johnston;Moore;1004002000;
Jeffrey;Gloria;Scott;Murray;1004002000;
Pamela;Johnny;Day;Ross;1002003000;
Brandon;Russell;Wallace;Richards;1004002000;
Walter;Nicholas;Carroll;Romero;1002003000;
Ryan;Shawn;Thompson;;1004002000;
Joshua;Helen;Banks;Wagner;1004002000;
Jose;Norma;Sullivan;Thompson;1004002000;
Stephanie;Janice;Torres;Chapman;1002003000;
Chris;Anna;Jordan;Riley;1004002000;
Christina;Donald;Cunningham;Stanley;1004002000;
Judith;Justin;Evans;Shaw;1004002000;
Scott;Lisa;Hernandez;Harvey;1002003000;
Michelle;Debra;Miller;Bell;1002003000;
Louis;Timothy;Greene;Riley;1002003000;
Carol;Beverly;Nichols;Ford;1004002000;
Betty;Charles;Perez;Gordon;1004002000;
Jane;Charles;White;Moreno;1004002000;
Todd;Wayne;Griffin;Chapman;1004002000;
Christopher;Wanda;Jones;Turner;1002003000;
Lawrence;Victor;Parker;Martin;1002003000;
Donald;Jimmy;Ortiz;;1004002000;
Kevin;Victor;Castillo;Jacobs;1004002000;
Marie;Scott;Peterson;Barnes;1002003000;
Elizabeth;Robin;Nelson;Burke;1004002000;
Joshua;Juan;Ward;Spencer;1004002000;
Julia;Gerald;Marshall;Fernandez;1004002000;
Donna;Mary;Montgomery;Harrison;1004002000;
Patrick;Gloria;Myers;Taylor;1002003000;
Paula;Rebecca;Burns;Ramirez;1004002000;
Heather;Antonio;Diaz;Evans;1002003000;
Ralph;Timothy;Kennedy;Ruiz;1002003000;
Bobby;Joshua;Rogers;Montgomery;1002003000;
James;Heather;Hudson;Alexander;1002003000;
Teresa;Kathy;Stewart;Hughes;1004002000;
Albert;Fred;Peters;Sanchez;1002003000;
Catherine;Willie;Stone;Knight;1004002000;
Teresa;Kathryn;Wood;Perry;1002003000;
Debra;Ralph;Kim;Murphy;1004002000;
Jimmy;Maria;Harrison;Boyd;1002003000;
Christine;Andrea;Cruz;Day;1002003000;
Laura;Ernest;Adams;Hanson;1002003000;
Virginia;Victor;Castillo;Romero;1004002000;
Arthur;Walter;Jenkins;Burke;1002003000;
Kathryn;Sharon;Montgomery;Hill;1004002000;
John;Bonnie;King;Stevens;1004002000;
Jean;Carlos;Anderson;Martin;1004002000;
Wayne;Anna;Richards;Johnston;1004002000;
Carol;Pamela;Boyd;Ferguson;1002003000;
Tina;Jeffrey;Harper;Rodriguez;1004002000;
Robin;;Wells;Stone;1002003000;
Mark;Ashley;Perkins;Taylor;1004002000;
Emily;Diana;Watson;Russell;1004002000;
Ryan;Janet;Bishop;Fisher;1002003000;
Juan;Ernest;Warren;Walker;1004002000;
Eric;Susan;Spencer;Sims;1004002000;
Gloria;Kathy;Wheeler;;1002003000;
Matthew;Andrew;Adams;Montgomery;1004002000;
Frank;Juan;Porter;Elliott;1004002000;
Rose;Johnny;Grant;;1004002000;
Nicole;Gerald;Daniels;Arnold;1002003000;
Julie;Henry;Edwards;Knight;1002003000;
Antonio;Louis;Cook;Kennedy;1004002000;
Ryan;Dennis;Greene;Hall;1002003000;
Annie;Theresa;Peters;Harper;1002003000;
Brian;Katherine;Kelly;Roberts;1002003000;
Jeffrey;Ryan;Cole;Robertson;1004002000;
Jason;Juan;Butler;Collins;1004002000;
Shirley;Carl;Alvarez;Davis;1002003000;
James;Adam;Garcia;Ferguson;1004002000;
Sharon;Tina;Garrett;Wood;1002003000;
David;Rachel;Wood;Hart;1002003000;
Lisa;Kimberly;Jackson;Meyer;1004002000;
Russell;Eric;Medina;Patterson;1004002000;
Diana;Martha;Davis;;1004002000;
Bruce;Denise;Perez;King;1004002000;
Rose;Katherine;Tucker;Sanchez;1002003000;
Virginia;Arthur;Cox;Cruz;1004002000;
Theresa;Stephanie;Pierce;Wheeler;1004002000;
Eugene;Nicholas;Hicks;Cruz;1002003000;
Billy;Martha;Roberts;Holmes;1004002000;
Ronald;Shirley;Perry;Morris;1002003000;
Lori;Ryan;Ray;Garcia;1002003000;
Ashley;Patricia;Frazier;Austin;1004002000;
Janet;Scott;Green;;1004002000;
Randy;Johnny;Garza;Fox;1002003000;
Julia;Dorothy;Flores;Richardson;1002003000;
Andrea;Nancy;Freeman;Gray;1002003000;
James;Norma;Sanchez;Williams;1004002000;
Ruby;Johnny;Young;Greene;1002003000;
Robin;Edward;Romero;Robertson;1002003000;
Virginia;Jonathan;Boyd;Garrett;1002003000;
Roger;James;Stone;Medina;1002003000;
Annie;Jean;Roberts;Nguyen;1002003000;
Jason;Harry;Bailey;Smith;1004002000;
Gerald;Alan;Chavez;Riley;1002003000;
Patrick;Terry;Ray;Parker;1002003000;
Nicholas;Catherine;Oliver;;1002003000;
Raymond;Susan;Perry;Ray;1002003000;
Denise;Louis;Ferguson;Berry;1002003000;
Patrick;Diana;Carr;Perez;1002003000;
Denise;Joseph;Mills;Bryant;1004002000;
Margaret;Sandra;Sanchez;Lane;1002003000;
Michael;Matthew;Taylor;Simpson;1002003000;
Earl;Katherine;Harvey;Murphy;1002003000;
Howard;Maria;Thomas;Ramos;1004002000;
Gloria;Ralph;Riley;Hill;1004002000;
Larry;Ann;Arnold;Ray;1002003000;
Chris;Harry;Gray;Woods;1004002000;
Pamela;Doris;Romero;Gibson;1002003000;
Dennis;Edward;Bishop;Richards;1004002000;
Ernest;Marilyn;Sims;Mills;1002003000;
Paula;Laura;Cook;Wheeler;1002003000;
Kimberly;Carolyn;Payne;Evans;1002003000;
Rachel;Pamela;Carroll;Murphy;1002003000;
Roy;Ashley;Coleman;Carpenter;1004002000;
Russell;Mark;Wheeler;West;1004002000;
Dorothy;Peter;Rodriguez;Robinson;1002003000;
David;Adam;Hughes;Green;1004002000;
Clarence;Kathleen;Reed;Lawrence;1002003000;
Johnny;Dorothy;Harper;Ward;1004002000;
Joe;Frank;Snyder;Turner;1002003000;
Michelle;Johnny;Roberts;Hawkins;1004002000;
Antonio;Julie;Jenkins;Hanson;1004002000;
Heather;Andrea;Kelly;Brooks;1002003000;
Nicole;Judith;Mcdonald;Nichols;1002003000;
Laura;Frank;Richards;Crawford;1002003000;
Robert;Lillian;Lopez;Freeman;1004002000;
Mildred;Robert;Phillips;Williams;1004002000;
Gerald;Lillian;Gardner;Rivera;1002003000;
Carl;Pamela;Berry;Russell;1002003000;
Catherine;Earl;Parker;Crawford;1004002000;
Anthony;Harry;Ramos;Parker;1002003000;
Frances;Arthur;Dean;Ryan;1002003000;
Jack;Julie;Watkins;Ford;1002003000;
Richard;Beverly;Romero;Kelly;1004002000;
Martha;Eric;Russell;Edwards;1002003000;
Carolyn;Diane;Stone;Nelson;1002003000;
Carlos;Nancy;Sims;Nguyen;1004002000;
Julie;Michelle;Gonzalez;Pierce;1004002000;
Lori;Maria;Harper;Fields;1004002000;
Brian;Tina;Little;Garcia;1004002000;
Randy;Steve;Henderson;Gardner;1002003000;
Donna;Thomas;Hansen;Roberts;1004002000;
Beverly;Emily;Burns;Pierce;1004002000;
Marilyn;Todd;Montgomery;Ross;1002003000;
Jeffrey;Heather;Ford;Perry;1004002000;
Maria;Nicholas;Tucker;Stevens;1004002000;
Anna;John;Clark;Weaver;1002003000;
Randy;Lawrence;Dean;Ellis;1004002000;
Julia;Kathryn;Simmons;Washington;1004002000;
Nicole;Joyce;Hanson;Wright;1002003000;
Russell;Janet;Owens;Elliott;1002003000;
Earl;Robert;Porter;Campbell;1002003000;
Helen;Susan;Henry;Willis;1004002000;
Beverly;Jean;Torres;Owens;1002003000;
Raymond;Johnny;Carroll;Dean;1002003000;
Shawn;Dennis;Hanson;;1002003000;
Dennis;Diana;Stevens;Wilson;1002003000;
Diana;Joseph;Castillo;Harrison;1002003000;
Bobby;Robert;Sanchez;Long;1004002000;
Shawn;Katherine;King;Crawford;1004002000;
Ruby;Debra;Lane;Montgomery;1002003000;
Christina;Benjamin;Graham;Ross;1002003000;
Martha;Dennis;Ray;Gardner;1002003000;
Joe;Alice;Medina;Bennett;1004002000;
Paula;Billy;Mason;Cole;1002003000;
Amy;Cheryl;Thomas;Meyer;1004002000;
Irene;Norma;Carroll;Johnson;1002003000;
Frances;Amanda;Nichols;Reynolds;1002003000;
Norma;Teresa;Wood;Alexander;1004002000;
Joshua;Jesse;Robertson;Palmer;1002003000;
Sharon;Margaret;Hanson;Hawkins;1004002000;
Kathy;Joan;Harper;Adams;1002003000;
Harry;Clarence;Wheeler;Bell;1004002000;
Jennifer;Jesse;Gonzales;Henderson;1002003000;
Janet;Shirley;Stanley;Davis;1002003000;
Ashley;Stephen;Ford;Young;1002003000;
Teresa;Adam;Morales;Harvey;1002003000;
Diana;Michael;Griffin;Garcia;1004002000;
Anthony;Jose;Harvey;Price;1004002000;
Kathryn;Jeremy;George;Kennedy;1002003000;
Bruce;Jessica;Garcia;Carter;1004002000;
Katherine;Lisa;Kim;Jacobs;1002003000;
Lawrence;Andrew;Turner;Alexander;1002003000;
Alice;Kathy;Foster;Rice;1002003000;
Frances;Margaret;Young;Nichols;1002003000;
Jose;Larry;Crawford;Day;1004002000;
Betty;Alan;Marshall;Warren;1002003000;
Amy;Brenda;Jacobs;Turner;1004002000;
Donna;Peter;Rodriguez;Hansen;1004002000;
Raymond;Richard;Johnston;Boyd;1004002000;
Gregory;Martin;Baker;White;1002003000;
Anne;Alan;Howard;Hansen;1002003000;
Shawn;Matthew;Fernandez;Hughes;1004002000;
Juan;Benjamin;Porter;Howell;1002003000;
Terry;Kathleen;Hawkins;Cooper;1004002000;
Christina;Annie;Boyd;Holmes;1004002000;
Lois;Diana;Thomas;Foster;1002003000;
Denise;Chris;Hughes;Ryan;1004002000;
Ralph;Sandra;Harvey;Frazier;1002003000;
Christine;Rebecca;Simmons;Rogers;1004002000;
Frank;Billy;Roberts;Garza;1002003000;
Elizabeth;Kenneth;Harris;Mason;1004002000;
Albert;Lawrence;Lopez;Sullivan;1004002000;
Stephanie;Virginia;Taylor;Williams;1004002000;
Alice;Judy;Cooper;Ward;1004002000;
Sarah;Cynthia;Henderson;Foster;1002003000;
Heather;Keith;Jordan;King;1002003000;
Philip;Annie;Gonzales;Ryan;1002003000;
John;Diana;Henry;Ellis;1004002000;
Maria;George;Palmer;Ruiz;1004002000;
Samuel;Antonio;Bradley;Stanley;1002003000;
Nicholas;Louis;White;Lee;1002003000;
Sandra;Doris;Armstrong;Fisher;1002003000;
Anna;Kathryn;Walker;Campbell;1004002000;
Paula;Michael;Meyer;Knight;1004002000;
Shawn;Samuel;Day;Rogers;1004002000;
Jerry;Tammy;Reed;Butler;1002003000;
Sarah;Janice;Ray;Sims;1004002000;
Alice;Mark;Hudson;Rodriguez;1002003000;
Willie;Julia;Cook;Riley;1004002000;
Arthur;Amanda;Morgan;Campbell;1004002000;
Lisa;George;Martinez;Sims;1002003000;
Sharon;Shawn;Henderson;Castillo;1004002000;
Jack;Phyllis;Wheeler;Watson;1002003000;
Keith;Ruth;Fuller;Pierce;1002003000;
Justin;;Cruz;Gilbert;1004002000;
Sharon;Jessica;Greene;Fisher;1004002000;
Eric;Shawn;Reed;Weaver;1002003000;
Joan;Alan;Brown;Shaw;1002003000;
Susan;Gary;Lawson;Stevens;1002003000;
Dorothy;Edward;Wright;Harris;1002003000;
Wayne;Wayne;Collins;Thompson;1002003000;
Angela;Ruth;Young;Bell;1004002000;
Louise;Juan;Bennett;Day;1004002000;
Christina;Angela;Rice;Long;1002003000;
Rebecca;Jacqueline;Stewart;Young;1004002000;
Teresa;Doris;Warren;;1002003000;
Sandra;Adam;Anderson;Diaz;1004002000;
Roger;Jessica;Murphy;Morgan;1004002000;
Russell;Todd;Ramos;Fisher;1002003000;
Gregory;Brenda;Campbell;Price;1004002000;
Virginia;Sharon;Cole;Elliott;1002003000;
Lawrence;Julie;Hansen;Ramirez;1002003000;
Michelle;Jennifer;Stewart;Jordan;1002003000;
Ralph;Virginia;Olson;Harrison;1002003000;
Amy;Samuel;Hayes;Thompson;1004002000;
Paula;Lois;Howard;Kim;1004002000;
Paula;;Dunn;Hall;1002003000;
Theresa;Nicholas;Gonzalez;Burke;1004002000;
Phillip;Juan;Arnold;Thompson;1004002000;
Justin;Susan;Reynolds;Fowler;1002003000;
James;Kimberly;Holmes;;1002003000;
Karen;Christopher;Hicks;Hall;1002003000;
Anne;Andrea;Hamilton;Fuller;1002003000;
Shirley;Gregory;Williams;Snyder;1002003000;
Raymond;Amanda;Harvey;Armstrong;1004002000;
Carol;Stephanie;Mcdonald;Ortiz;1002003000;
Rose;Wanda;Riley;Mcdonald;1002003000;
Frank;Joyce;Adams;;1004002000;
Nancy;Kevin;Clark;Kennedy;1002003000;
Carlos;Anne;Miller;Arnold;1004002000;
Michelle;Judy;Harper;Bowman;1004002000;
Willie;Joe;Armstrong;Patterson;1002003000;
Robin;Ralph;Sanders;Bailey;1002003000;
Stephen;Matthew;Little;Franklin;1002003000;
Jeffrey;Ashley;Kelly;Austin;1004002000;
Jesse;Catherine;Wells;Austin;1004002000;
Jennifer;Mildred;Garrett;Reynolds;1002003000;
Louise;Mark;Meyer;Long;1002003000;
Joyce;Martha;Lawrence;Holmes;1004002000;
Ryan;Judith;Hughes;Palmer;1004002000;
Alan;Sean;Banks;Grant;1002003000;
Norma;Larry;Simmons;Carroll;1004002000;
Aaron;;Chavez;Woods;1004002000;
Gregory;Adam;Morales;Washington;1002003000;
Sara;Joyce;Welch;Hall;1002003000;
Kathy;Peter;Clark;Ramirez;1004002000;
Billy;Terry;Kelley;Hayes;1004002000;
Debra;Ernest;Bishop;Kennedy;1002003000;
Kathy;Elizabeth;Gilbert;Robertson;1002003000;
Joshua;Alice;Harris;Myers;1002003000;
Todd;Christopher;Murphy;Simmons;1002003000;
Lois;Margaret;Carroll;Hawkins;1002003000;
Marilyn;Lori;Hill;Matthews;1002003000;
Joan;Emily;Gonzales;Flores;1002003000;
Laura;Rachel;Sanders;Lawson;1002003000;
Janice;Keith;Black;Fuller;1004002000;
Patrick;Jack;Hamilton;Wright;1004002000;
Stephen;Jessica;Ferguson;Riley;1004002000;
Angela;Laura;Wilson;Jackson;1002003000;
Katherine;Linda;White;Day;1002003000;
Frank;Larry;Burns;Rogers;1004002000;
Kenneth;Gerald;Bell;Rogers;1004002000;
Sarah;;Nichols;Stewart;1004002000;
Johnny;Ryan;Morris;Rose;1004002000;
Stephen;Lisa;Meyer;Watkins;1002003000;
Lisa;Rose;Robertson;Johnson;1002003000;
Patricia;Shirley;Powell;Olson;1002003000;
Ruth;Heather;Medina;Jackson;1004002000;
Kelly;Dorothy;Nguyen;Willis;1002003000;
Tina;James;Kennedy;Dixon;1004002000;
Joyce;Edward;Gutierrez;Kelly;1004002000;
Philip;Martha;Butler;Dixon;1002003000;
Jason;Jeffrey;Freeman;Bennett;1002003000;
Phillip;Christopher;Patterson;Wilson;1004002000;
Harry;Brian;Ramos;Hamilton;1004002000;
Ann;Ryan;Washington;Martin;1002003000;
Diane;Peter;Allen;Fox;1002003000;
Mary;Ernest;Sims;Woods;1004002000;
Tina;Frances;Clark;Reynolds;1004002000;
Anna;Donald;Willis;;1004002000;
Rachel;William;Smith;Smith;1002003000;
Paul;Wayne;Wood;Ward;1004002000;
Annie;Katherine;Washington;Perry;1002003000;
Jonathan;Eugene;Gilbert;Berry;1002003000;
Melissa;Barbara;Jenkins;James;1002003000;
Anna;Michelle;Sims;Cook;1004002000;
Richard;Aaron;Morales;Fowler;1002003000;
Dorothy;Andrew;Gomez;Wright;1002003000;
Kenneth;Marilyn;Ortiz;Cole;1004002000;
Amy;;Franklin;Mcdonald;1004002000;
Arthur;Frank;Diaz;Fuller;1002003000;
Jerry;Paul;Weaver;Watson;1004002000;
Arthur;Stephen;Oliver;Gilbert;1002003000;
Jacqueline;Evelyn;Ryan;Parker;1002003000;
Heather;Adam;Carroll;Reynolds;1002003000;
Jimmy;;Chavez;Garcia;1004002000;
Irene;Roger;Elliott;Jackson;1002003000;
Janet;Andrea;Hunter;Sims;1004002000;
Sandra;Justin;Stanley;Medina;1002003000;
Patrick;Russell;Watson;Duncan;1002003000;
Kathy;Steve;Welch;Howell;1002003000;
Richard;Janice;Alexander;Ward;1004002000;
Antonio;Bonnie;Pierce;Castillo;1002003000;
Betty;Jeffrey;Riley;Dixon;1004002000;
Ralph;Donald;Mitchell;Torres;1004002000;
Rebecca;Jennifer;Morales;Carr;1004002000;
Jonathan;Ernest;Nichols;Cruz;1002003000;
Michael;Paula;Lewis;Franklin;1002003000;
Rebecca;Amanda;Garza;Rogers;1004002000;
Ruth;Jimmy;Rice;Austin;1002003000;
Brandon;;Murray;Gonzales;1004002000;
Lawrence;Carolyn;Warren;Nelson;1002003000;
Sarah;Paul;Dixon;Perry;1004002000;
Anna;Brian;Hicks;Robinson;1002003000;
Jimmy;Cheryl;Knight;Carr;1002003000;
Robin;Katherine;Frazier;Fernandez;1002003000;
Rebecca;Jennifer;Adams;Gomez;1004002000;
Lawrence;Patricia;Moreno;George;1004002000;
Douglas;Helen;Kim;Larson;1002003000;
Bobby;Justin;Lee;Scott;1002003000;
Steve;Jessica;Cruz;Thompson;1004002000;
Kimberly;Phillip;Carter;Fernandez;1002003000;
Michelle;;Robinson;Romero;1004002000;
Todd;Irene;Barnes;George;1002003000;
Frances;Marie;Butler;Hall;1004002000;
Janet;Elizabeth;Bennett;Young;1002003000;
Gregory;Jennifer;Mendoza;Stephens;1002003000;
Carlos;Alice;West;Carr;1002003000;
Sarah;Jane;Patterson;Wallace;1002003000;
Scott;Julie;Johnson;Washington;1004002000;
Jacqueline;Russell;Kennedy;Kennedy;1004002000;
Joseph;Rose;Cook;Cunningham;1002003000;
Michael;Jose;Ryan;Larson;1004002000;
Angela;Jeffrey;Bennett;Ellis;1004002000;
Howard;Eric;Kelly;Cook;1004002000;
Alan;Kathleen;Woods;Wood;1002003000;
Ruby;Michael;Nichols;Fernandez;1004002000;
Kathleen;Christopher;Frazier;;1002003000;
Frances;Jessica;Dixon;Mitchell;1002003000;
Jesse;Frances;Gomez;Mendoza;1002003000;
George;Juan;James;Stevens;1002003000;
Raymond;;Mills;Green;1002003000;
Martha;John;Mccoy;Richardson;1002003000;
Denise;Chris;White;Garrett;1002003000;
Michelle;Laura;Ferguson;Ortiz;1004002000;
Todd;Bonnie;Morris;Collins;1004002000;
James;;Jacobs;White;1002003000;
Harold;Paula;Morrison;Gray;1004002000;
Louise;Jonathan;Brown;Carroll;1002003000;
Marie;Maria;Cooper;Flores;1004002000;
Christina;Bruce;Smith;Black;1002003000;
William;Lois;Brooks;Perkins;1002003000;
Jose;Doris;Daniels;Payne;1004002000;
Anne;Stephen;Woods;Davis;1004002000;
Jimmy;Barbara;Hart;Bishop;1002003000;
Jimmy;Johnny;Fisher;West;1002003000;
Bruce;Christina;Austin;Bradley;1004002000;
Ruth;Melissa;Cruz;Green;1004002000;
Kevin;Mark;Lopez;Ramirez;1002003000;
Marie;Clarence;Murphy;Stewart;1004002000;
Jose;John;Armstrong;Fuller;1004002000;
Howard;Kathryn;Griffin;Webb;1002003000;
Anna;Bruce;Brown;Jones;1004002000;
Norma;Raymond;Gomez;Warren;1002003000;
Harry;Fred;Foster;Johnson;1002003000;
Carlos;Linda;Rogers;Thomas;1002003000;
Ralph;Willie;Elliott;Morales;1002003000;
Antonio;Jack;Bell;Collins;1002003000;
Ashley;Heather;Lynch;Allen;1004002000;
Bruce;Walter;Henry;Mcdonald;1002003000;
Shirley;Elizabeth;Lee;Gonzalez;1004002000;
Stephen;Katherine;Cook;Williamson;1004002000;
George;Martha;Vasquez;George;1002003000;
Katherine;Nicole;Hayes;Riley;1004002000;
Virginia;Carolyn;Rodriguez;Wagner;1002003000;
Elizabeth;Ashley;Murphy;Watkins;1002003000;
Daniel;Katherine;Henry;Perkins;1002003000;
Frances;Melissa;Owens;Andrews;1002003000;
Kathy;Harry;Ramos;Johnson;1002003000;
Dennis;Terry;Carr;Marshall;1004002000;
Wayne;Amanda;Watkins;Ellis;1004002000;
Bruce;Eugene;Thompson;Mason;1002003000;
Marilyn;Lois;Morales;Stanley;1002003000;
Joan;Alan;Ramos;Nelson;1002003000;
Jessica;Adam;Austin;Hall;1002003000;
Angela;Louise;Reid;Frazier;1002003000;
Maria;Donna;Perkins;Moreno;1004002000;
Katherine;Robert;Lawson;Grant;1004002000;
Willie;Jacqueline;Ray;Elliott;1002003000;
Chris;Denise;Carroll;Mendoza;1004002000;
Brandon;Jessica;Alexander;Holmes;1002003000;
Juan;John;Hughes;Sanchez;1004002000;
Beverly;Kathy;Howard;Mitchell;1002003000;
Douglas;Jack;Gibson;Price;1002003000;
Lisa;Laura;Watkins;Hunter;1004002000;
Joan;Jose;Kelley;Olson;1002003000;
Sara;Donna;Armstrong;Jordan;1002003000;
Rose;Christopher;Ray;James;1004002000;
Tina;Clarence;Owens;Perkins;1004002000;
Tina;Kathryn;Turner;Willis;1002003000;
Doris;Donald;Hawkins;Kim;1002003000;
Martha;Kimberly;Hunter;Greene;1004002000;
Amy;Earl;Wilson;;1004002000;
Brenda;Dennis;Gonzalez;Fernandez;1002003000;
Ruth;Janice;Berry;Thomas;1004002000;
Larry;Patricia;Weaver;Burton;1002003000;
Karen;Tammy;Ortiz;Gilbert;1004002000;
Judith;Laura;Hunt;Thompson;1004002000;
Louise;Laura;Peters;Castillo;1002003000;
Martin;Brian;Brooks;Freeman;1002003000;
Brandon;David;Bennett;Russell;1004002000;
Nicholas;Clarence;Richardson;Lewis;1004002000;
Ruth;Anna;Allen;Little;1004002000;
Bruce;Sara;Stephens;Evans;1004002000;
Kevin;Kathleen;Nguyen;Brooks;1002003000;
Amy;Nancy;Hernandez;Brooks;1002003000;
Helen;Gerald;Armstrong;Walker;1002003000;
Benjamin;Philip;Reynolds;Brooks;1002003000;
George;Joan;Nguyen;Wright;1002003000;
Maria;Roy;Fuller;Garcia;1002003000;
Randy;Steven;Jordan;Franklin;1002003000;
Jason;John;Bradley;Carter;1004002000;
Rose;Janice;Butler;Rose;1004002000;
Nancy;Jacqueline;Hudson;Green;1004002000;
Harry;Frances;Henderson;Barnes;1002003000;
Larry;Antonio;Moore;Sims;1002003000;
Bobby;Lawrence;Snyder;Flores;1002003000;
Catherine;Doris;Willis;Lee;1004002000;
Douglas;Tammy;Perry;Burke;1002003000;
Nicole;Henry;Gordon;Sims;1002003000;
Alice;Stephen;Ford;Morales;1002003000;
Bruce;Kathy;Mcdonald;Wagner;1002003000;
Ronald;Norma;Sims;Hawkins;1002003000;
Irene;Rebecca;Marshall;Ward;1004002000;
Clarence;Alice;Cox;Foster;1002003000;
Billy;Irene;Perkins;Lawson;1004002000;
Kathleen;Andrea;Gonzales;Simmons;1004002000;
Henry;Wanda;Lynch;Lopez;1002003000;
Ryan;Tammy;Henry;Elliott;1002003000;
Jonathan;Clarence;Webb;Ward;1002003000;
Debra;Evelyn;Scott;Williamson;1004002000;
Gary;Andrea;Anderson;Moreno;1004002000;
Joshua;Lois;Perkins;Castillo;1004002000;
Jean;Carolyn;James;Gray;1002003000;
Jack;Victor;Carroll;Hamilton;1004002000;
Carol;Christopher;Nelson;Ward;1004002000;
Katherine;Walter;Cole;Simmons;1004002000;
Roger;Karen;Little;Green;1004002000;
Barbara;Chris;Anderson;Bowman;1004002000;
Judith;;Ryan;Mendoza;1002003000;
Kenneth;Anna;Knight;Simpson;1002003000;
Pamela;Catherine;Clark;Brown;1004002000;
Laura;Eugene;Mcdonald;Powell;1002003000;
Paul;Louis;Fuller;Graham;1002003000;
Mary;Russell;Willis;Butler;1004002000;
John;Diane;Anderson;Franklin;1002003000;
Beverly;Jimmy;White;Ross;1004002000;
Frances;Eugene;Coleman;Bryant;1004002000;
Debra;Willie;Burke;Lopez;1004002000;
Anna;Bruce;Stone;Hawkins;1002003000;
Paul;Rose;Carr;Wood;1004002000;
Carol;Philip;Rodriguez;Rogers;1004002000;
David;Mildred;Lee;Allen;1002003000;
Ralph;Christine;Mendoza;Murphy;1002003000;
Sharon;Gerald;Shaw;Banks;1004002000;
Amanda;Jacqueline;Howard;Wells;1002003000;
Melissa;Nicholas;Dean;Morgan;1002003000;
Kimberly;;Porter;Dixon;1002003000;
Clarence;Carolyn;Austin;Smith;1004002000;
Joan;Sean;Richardson;Jacobs;1002003000;
Anne;Lawrence;Rice;;1004002000;
Sharon;Juan;Palmer;;1004002000;
Dennis;Amy;Lawson;Lawson;1004002000;
Anthony;Sean;Rose;Rivera;1002003000;
Cheryl;Wayne;Stewart;Freeman;1004002000;
Jane;Ruth;Hudson;Wood;1004002000;
Peter;Jean;Jones;Garcia;1004002000;
James;Janice;Johnson;Taylor;1004002000;
Phillip;Catherine;Ryan;Nelson;1004002000;
Andrew;Donald;Kelley;Edwards;1002003000;
Craig;Walter;Duncan;Spencer;1004002000;
Nicole;Tina;White;Ramos;1002003000;
Lori;Russell;Fields;Frazier;1002003000;
Sean;Karen;Hawkins;Rice;1004002000;
Dennis;Randy;Fowler;Rogers;1004002000;
Clarence;;Welch;Howell;1002003000;
Linda;Arthur;Garza;Grant;1004002000;
Deborah;Marilyn;Hart;Powell;1004002000;
Bonnie;Steven;Mcdonald;Cruz;1004002000;
William;Brian;Diaz;Carter;1002003000;
Julia;Steve;Porter;;1004002000;
Roger;Willie;Foster;Bishop;1002003000;
Nicholas;James;Barnes;Burns;1002003000;
Marilyn;Melissa;Hunter;Ruiz;1004002000;
Terry;Lillian;Perry;Richards;1004002000;
Ruby;Carlos;Robertson;Lawson;1002003000;
Charles;Julie;Ford;Gibson;1002003000;
Lori;Ruth;Reyes;Johnson;1004002000;
Antonio;Lawrence;Robinson;Ross;1002003000;
Joe;Marilyn;Stanley;Black;1004002000;
Sara;Wayne;Chavez;Romero;1002003000;
Catherine;Alice;Armstrong;Rose;1002003000;
David;;Gomez;Ruiz;1004002000;
Annie;Lillian;Ford;Thompson;1002003000;
Susan;Paula;Fernandez;Carpenter;1004002000;
Kevin;Adam;Boyd;Andrews;1004002000;
Craig;Daniel;Olson;Castillo;1004002000;
Kevin;Carolyn;Moore;Williamson;1002003000;
Lori;Albert;Freeman;Ruiz;1002003000;
Todd;Janice;Webb;Collins;1002003000;
Karen;Kevin;Bishop;Austin;1002003000;
Adam;Kathleen;Williamson;Myers;1002003000;
Sarah;Phyllis;Richardson;Cruz;1004002000;
Ralph;Jessica;Pierce;Reyes;1002003000;
Stephen;James;Long;Ward;1002003000;
Tammy;Laura;Jackson;Stephens;1004002000;
Judith;Patrick;Sanders;Hart;1002003000;
Patrick;Jonathan;Gonzales;Rivera;1004002000;
Sean;Matthew;Day;Arnold;1004002000;
Arthur;Patricia;Carter;Owens;1002003000;
Matthew;Raymond;Rivera;Austin;1004002000;
Russell;Margaret;Turner;Perry;1004002000;
Joan;Jesse;Jordan;Patterson;1002003000;
Richard;Raymond;Ortiz;Peterson;1002003000;
Samuel;Larry;Snyder;Castillo;1002003000;
Deborah;Philip;Bell;;1002003000;
Norma;Gerald;Patterson;Chavez;1004002000;
Justin;Amy;Austin;Chapman;1004002000;
Rebecca;Kimberly;Stone;Henderson;1004002000;
Jimmy;Rachel;Reynolds;Cox;1002003000;
Phyllis;Martha;Gonzalez;Nelson;1002003000;
Terry;Russell;Kennedy;Murray;1002003000;
Ronald;;Ward;Gibson;1004002000;
Phyllis;Kathryn;Morris;Morris;1004002000;
Frank;Craig;Stevens;;1002003000;
Anne;Wanda;Ortiz;Palmer;1004002000;
Adam;Steve;Payne;Medina;1002003000;
Brenda;Norma;Dunn;Sanders;1004002000;
Chris;Heather;Wright;Reynolds;1004002000;
Andrea;Deborah;Perry;Ryan;1004002000;
Mildred;Sharon;Taylor;King;1002003000;
Melissa;Cheryl;Reyes;Hanson;1004002000;
Roy;Joan;Young;Austin;1002003000;
Elizabeth;Gerald;Hill;Bowman;1004002000;
Patricia;Bobby;Harris;Sanchez;1004002000;
Patricia;Brenda;Dixon;Reid;1002003000;
Barbara;Annie;Tucker;Perry;1002003000;
Jane;Andrew;Ford;Wilson;1004002000;
Brenda;Joan;Daniels;Adams;1002003000;
Heather;Wanda;Brown;Barnes;1004002000;
Irene;Theresa;Smith;Boyd;1004002000;
Nancy;Victor;Reid;Carpenter;1002003000;
Jeremy;Albert;Peterson;Gray;1004002000;
Marilyn;Jose;Banks;Ramirez;1004002000;
Howard;Kelly;Alexander;Morales;1002003000;
Teresa;Todd;West;Hansen;1002003000;
Carl;Laura;Freeman;Tucker;1002003000;
Tina;Roger;Chapman;Shaw;1004002000;
Albert;Paul;Reid;Ray;1004002000;
Johnny;Stephanie;Kelley;Harris;1004002000;
Ashley;Thomas;Hicks;Boyd;1004002000;
Melissa;Joshua;Peterson;Cox;1004002000;
Amanda;Phillip;Rodriguez;Ruiz;1002003000;
Phyllis;Cheryl;Morrison;Lee;1004002000;
Theresa;Juan;Mcdonald;Barnes;1002003000;
Craig;Lillian;Coleman;;1002003000;
Carolyn;Andrea;Howard;Stevens;1002003000;
Anna;Shirley;Rice;Gray;1004002000;
Mary;Phillip;Moore;Ward;1002003000;
Charles;Timothy;Stewart;Tucker;1004002000;
Rachel;Doris;Young;Richards;1002003000;
